Problem,Optimizer,Final Energy,Total NEFV,Time
Heisenberg N=12,QLTO (Layer Riemannian),-17.103875191649173,200,98.72226929664612
Heisenberg N=12,Correct QNG (Eff),-17.10211173659421,120,240.45970678329468
Heisenberg N=12,AdamW,-16.90017075752115,1920,36.7057249546051
Heisenberg N=12,SPSA,-16.22238134806187,400,14.120297908782959
H2 Molecule,QLTO (Layer Riemannian),-1.8517285050851409,200,31.80133080482483
H2 Molecule,Correct QNG (Eff),-1.7793182921877746,120,12.38400650024414
H2 Molecule,AdamW,-1.839427796100734,320,7.071893692016602
H2 Molecule,SPSA,-1.7888442952080832,400,14.716593980789185
LiH Molecule,QLTO (Layer Riemannian),-8.94420253400462,200,88.1306483745575
LiH Molecule,Correct QNG (Eff),-8.215678426380872,120,16.96083354949951
LiH Molecule,AdamW,-8.637212805468693,640,8.647300720214844
LiH Molecule,SPSA,-8.22350317582971,400,13.879548788070679
Heisenberg N=4,QLTO (Layer Riemannian),-6.0107511426655815,200,39.309072732925415
Heisenberg N=4,Correct QNG (Eff),-5.981748467552139,120,15.730677843093872
Heisenberg N=4,AdamW,-5.772972330192,640,9.277831554412842
Heisenberg N=4,SPSA,-5.959864465728373,400,12.270934343338013
Heisenberg N=8,QLTO (Layer Riemannian),-12.155913463372412,200,77.4897575378418
Heisenberg N=8,Correct QNG (Eff),-11.948652589108914,120,34.3302059173584
Heisenberg N=8,AdamW,-11.745088329542996,1280,11.967918634414673
Heisenberg N=8,SPSA,-11.48998268303151,400,9.700457572937012
Heisenberg N=12,QLTO (Layer Riemannian),-18.570314877526364,200,108.44187307357788
Heisenberg N=12,Correct QNG (Eff),-17.10211173659421,120,208.66461944580078
Heisenberg N=12,AdamW,-16.90017075752115,1920,64.65505242347717
Heisenberg N=12,SPSA,-16.22238134806187,400,26.97416114807129
H2 Molecule,QLTO (Layer Riemannian),-1.83377963414233,200,11.665897130966187
H2 Molecule,"QLTO (Layer Riemannian, Coherence)",-1.8493229332441163,200,18.07054591178894
H2 Molecule,Correct QNG (Eff),-1.7793182921877746,120,1.6187012195587158
H2 Molecule,AdamW,-1.839427796100734,320,0.9189715385437012
H2 Molecule,SPSA,-1.7888442952080832,400,2.660557985305786
LiH Molecule,QLTO (Layer Riemannian),-8.943892529199987,200,38.62937116622925
LiH Molecule,"QLTO (Layer Riemannian, Coherence)",-8.94385052813868,200,77.77933764457703
LiH Molecule,Correct QNG (Eff),-8.215678426380872,120,4.742552042007446
LiH Molecule,AdamW,-8.637212805468693,640,2.4558801651000977
LiH Molecule,SPSA,-8.22350317582971,400,3.5877974033355713
Heisenberg N=8,QLTO (Layer Riemannian),-11.979731882201689,200,67.77678608894348
Heisenberg N=8,"QLTO (Layer Riemannian, Coherence)",-12.186061055900995,200,228.72051620483398
Heisenberg N=8,Correct QNG (Eff),-11.948652589108914,120,24.398040056228638
Heisenberg N=8,AdamW,-11.745088329542996,1280,8.420292377471924
Heisenberg N=8,SPSA,-11.48998268303151,400,5.9907519817352295
Heisenberg N=12,QLTO (Layer Riemannian),-15.935642919127961,200,84.76243424415588
Heisenberg N=12,"QLTO (Layer Riemannian, Coherence)",-17.316017707578688,200,437.37997245788574
Heisenberg N=12,Correct QNG (Eff),-17.10211173659421,120,128.77060675621033
Heisenberg N=12,AdamW,-16.90017075752115,1920,22.274336099624634
Heisenberg N=12,SPSA,-16.22238134806187,400,8.552520990371704
Frustrated Ising N=4,QLTO (Layer Riemannian),-1.3116394842511725,200,21.004662036895752
Frustrated Ising N=4,"QLTO (Layer Riemannian, Coherence)",-1.4276868255659516,200,157.76325130462646
Frustrated Ising N=4,Correct QNG (Eff),-0.9604439220394297,120,4.845540523529053
Frustrated Ising N=4,AdamW,-1.3716200350922267,640,2.2761518955230713
Frustrated Ising N=4,SPSA,-0.9334891199454572,400,4.003609895706177
Frustrated Ising N=4,QLTO (Layer Riemannian),-1.3233624162602633,200,30.028350830078125
Frustrated Ising N=4,"QLTO (Layer Riemannian, Coherence)",-1.3840028848788724,200,228.798894405365
Frustrated Ising N=4,Correct QNG (Eff),-0.9604439220394297,120,4.236971855163574
Frustrated Ising N=4,AdamW,-1.3716200350922267,640,1.972548246383667
Frustrated Ising N=4,SPSA,-0.9334891199454572,400,3.278301954269409
Frustrated Ising N=4,QLTO (Layer Riemannian),-1.3273029025218526,200,29.504337549209595
Frustrated Ising N=4,"QLTO (Layer Riemannian, Coherence)",-1.4267840914228216,200,191.37221121788025
Frustrated Ising N=4,Correct QNG (Eff),-0.9604439220394297,120,4.722630977630615
Frustrated Ising N=4,AdamW,-1.3716200350922267,640,2.166278600692749
Frustrated Ising N=4,SPSA,-0.9334891199454572,400,3.6873772144317627
Frustrated Ising N=4,QLTO (Layer Riemannian),-1.33026576489967,200,19.72683024406433
Frustrated Ising N=4,"QLTO (Layer Riemannian, Coherence)",-1.4328771768051005,200,64.91745114326477
Frustrated Ising N=4,Correct QNG (Eff),-0.9604439220394297,120,3.9306845664978027
Frustrated Ising N=4,AdamW,-1.3716200350922267,640,1.8216838836669922
Frustrated Ising N=4,SPSA,-0.9334891199454572,400,3.0431504249572754
Frustrated Ising N=4,QLTO (Layer Riemannian),-1.3355934712895552,200,13.738021612167358
Frustrated Ising N=4,"QLTO (Layer Riemannian, Coherence)",-1.4335880453353709,200,106.58758234977722
Frustrated Ising N=4,Correct QNG (Eff),-0.9604439220394297,120,7.716382026672363
Frustrated Ising N=4,AdamW,-1.3716200350922267,640,2.7464869022369385
Frustrated Ising N=4,SPSA,-0.9334891199454572,400,3.764439105987549
Frustrated Ising N=4,QLTO (Layer),1,-0.6140284513727978,0.41820630763534167,10.0
Frustrated Ising N=4,QLTO (Layer),2,-0.8621405560009677,0.2977120622266132,20.0
Frustrated Ising N=4,QLTO (Layer),3,-0.9937843310247017,0.264728534686035,30.0
Frustrated Ising N=4,QLTO (Layer),4,-1.1389555265297058,0.19772036236407703,40.0
Frustrated Ising N=4,QLTO (Layer),5,-1.2375188341824888,0.11225793422857679,50.0
Frustrated Ising N=4,QLTO (Layer),6,-1.2544451603330966,0.11224339681702436,60.0
Frustrated Ising N=4,QLTO (Layer),7,-1.3032063809556669,0.0655733533334227,70.0
Frustrated Ising N=4,QLTO (Layer),8,-1.3190200102866272,0.04990745445840955,80.0
Frustrated Ising N=4,QLTO (Layer),9,-1.3292455894068465,0.04871357990062161,90.0
Frustrated Ising N=4,QLTO (Layer),10,-1.3525255319242597,0.04280885539486478,100.0
Frustrated Ising N=4,QLTO (Layer),11,-1.3578574268715096,0.038243062672050736,110.0
Frustrated Ising N=4,QLTO (Layer),12,-1.3578393247251004,0.03855751354392226,120.0
Frustrated Ising N=4,QLTO (Layer),13,-1.3629184003335741,0.034602216183314556,130.0
Frustrated Ising N=4,QLTO (Layer),14,-1.36205238480973,0.03444027210116403,140.0
Frustrated Ising N=4,QLTO (Layer),15,-1.362957911506047,0.03203529344785442,150.0
Frustrated Ising N=4,QLTO (Layer),16,-1.3652025250670272,0.031901217593503256,160.0
Frustrated Ising N=4,QLTO (Layer),17,-1.369487850469943,0.03077843405694232,170.0
Frustrated Ising N=4,QLTO (Layer),18,-1.3691814716151796,0.02976965676761007,180.0
Frustrated Ising N=4,QLTO (Layer),19,-1.3701538715198684,0.03140811404649688,190.0
Frustrated Ising N=4,QLTO (Layer),20,-1.3719227290808063,0.030901263916483655,200.0
Frustrated Ising N=4,QLTO (Coherent),1,-0.694341105290076,0.2778629610014495,10.0
Frustrated Ising N=4,QLTO (Coherent),2,-0.9771723375817183,0.23509783254668587,20.0
Frustrated Ising N=4,QLTO (Coherent),3,-1.0433400110807014,0.18783980947527487,30.0
Frustrated Ising N=4,QLTO (Coherent),4,-1.16925101641615,0.09854605126519926,40.0
Frustrated Ising N=4,QLTO (Coherent),5,-1.1967632316863024,0.1068026507483913,50.0
Frustrated Ising N=4,QLTO (Coherent),6,-1.2938693156018133,0.04821533082321012,60.0
Frustrated Ising N=4,QLTO (Coherent),7,-1.2912114415374956,0.06451772520138556,70.0
Frustrated Ising N=4,QLTO (Coherent),8,-1.3334059125939381,0.03819820781670359,80.0
Frustrated Ising N=4,QLTO (Coherent),9,-1.3468756647236075,0.03849985441618216,90.0
Frustrated Ising N=4,QLTO (Coherent),10,-1.3665756527456807,0.030648671678778123,100.0
Frustrated Ising N=4,QLTO (Coherent),11,-1.3730716300474004,0.03137295698693509,110.0
Frustrated Ising N=4,QLTO (Coherent),12,-1.384004108636936,0.026495300711936273,120.0
Frustrated Ising N=4,QLTO (Coherent),13,-1.3933477665935334,0.029156516505450626,130.0
Frustrated Ising N=4,QLTO (Coherent),14,-1.3997604424763668,0.025258873042312877,140.0
Frustrated Ising N=4,QLTO (Coherent),15,-1.4073836269206126,0.022771115594861578,150.0
Frustrated Ising N=4,QLTO (Coherent),16,-1.410933113967277,0.021177215468166984,160.0
Frustrated Ising N=4,QLTO (Coherent),17,-1.412940320564825,0.020085196724968873,170.0
Frustrated Ising N=4,QLTO (Coherent),18,-1.4152370385543267,0.01937512689430222,180.0
Frustrated Ising N=4,QLTO (Coherent),19,-1.4160753133172856,0.01979196593730446,190.0
Frustrated Ising N=4,QLTO (Coherent),20,-1.4168822191865533,0.019198598588154304,200.0
Frustrated Ising N=4,Correct QNG,1,-0.047117746543194956,0.44367616095329904,6.0
Frustrated Ising N=4,Correct QNG,2,-0.1275966708696017,0.40100567388138253,12.0
Frustrated Ising N=4,Correct QNG,3,-0.2037039119600216,0.36444892221179925,18.0
Frustrated Ising N=4,Correct QNG,4,-0.2750178708858283,0.3344614024923295,24.0
Frustrated Ising N=4,Correct QNG,5,-0.34142519400658833,0.3105499002062167,30.0
Frustrated Ising N=4,Correct QNG,6,-0.4030767860625377,0.29157978981305727,36.0
Frustrated Ising N=4,Correct QNG,7,-0.46030071077814705,0.27615583185318715,42.0
Frustrated Ising N=4,Correct QNG,8,-0.5135136998518501,0.26294778405134017,48.0
Frustrated Ising N=4,Correct QNG,9,-0.5631509059130341,0.2508933391749308,54.0
Frustrated Ising N=4,Correct QNG,10,-0.6096180160774898,0.23927561004009273,60.0
Frustrated Ising N=4,Correct QNG,11,-0.6532636038493868,0.22771064092124998,66.0
Frustrated Ising N=4,Correct QNG,12,-0.6943681749801136,0.21608763244895954,72.0
Frustrated Ising N=4,Correct QNG,13,-0.7331460574113342,0.20449368337060803,78.0
Frustrated Ising N=4,Correct QNG,14,-0.769755949502287,0.19314033522453655,84.0
Frustrated Ising N=4,Correct QNG,15,-0.8043157804879814,0.18229869269049176,90.0
Frustrated Ising N=4,Correct QNG,16,-0.8369179321357624,0.17224471118939177,96.0
Frustrated Ising N=4,Correct QNG,17,-0.8676419103894141,0.16321483484753208,102.0
Frustrated Ising N=4,Correct QNG,18,-0.8965630051523122,0.15537262928516699,108.0
Frustrated Ising N=4,Correct QNG,19,-0.9237569123796421,0.14878797764277713,114.0
Frustrated Ising N=4,Correct QNG,20,-0.9493013085558749,0.1434306938122822,120.0
Frustrated Ising N=4,AdamW,1,-0.2125566701182695,0.4304599174965551,32.0
Frustrated Ising N=4,AdamW,2,-0.43481755057486726,0.3744120618743447,64.0
Frustrated Ising N=4,AdamW,3,-0.6226318330536292,0.32477809985119116,96.0
Frustrated Ising N=4,AdamW,4,-0.7730778318662771,0.28573362608447256,128.0
Frustrated Ising N=4,AdamW,5,-0.889533690913668,0.2552161889203614,160.0
Frustrated Ising N=4,AdamW,6,-0.9771312674649998,0.22737699748886508,192.0
Frustrated Ising N=4,AdamW,7,-1.0411882363974203,0.1983971034382889,224.0
Frustrated Ising N=4,AdamW,8,-1.0890828299182678,0.168514987122573,256.0
Frustrated Ising N=4,AdamW,9,-1.1292639763630912,0.1409013072334119,288.0
Frustrated Ising N=4,AdamW,10,-1.1675651784700232,0.1168734419005497,320.0
Frustrated Ising N=4,AdamW,11,-1.205550142194793,0.09557147162262229,352.0
Frustrated Ising N=4,AdamW,12,-1.2414519859144537,0.07652200827778462,384.0
Frustrated Ising N=4,AdamW,13,-1.2721128300289881,0.06059596530037431,416.0
Frustrated Ising N=4,AdamW,14,-1.29507314620832,0.049209174252586085,448.0
Frustrated Ising N=4,AdamW,15,-1.3099142482183799,0.04299750676486651,480.0
Frustrated Ising N=4,AdamW,16,-1.3182671601580502,0.04122267876755703,512.0
Frustrated Ising N=4,AdamW,17,-1.3227784685997435,0.04240470080743438,544.0
Frustrated Ising N=4,AdamW,18,-1.325951729271005,0.04480513799724228,576.0
Frustrated Ising N=4,AdamW,19,-1.3295283716482815,0.046529280362661414,608.0
Frustrated Ising N=4,AdamW,20,-1.334410548597657,0.046109182873143084,640.0
Frustrated Ising N=4,SPSA,1,-0.00417511104542701,0.4778140806859492,2.0
Frustrated Ising N=4,SPSA,2,-0.04435204904092689,0.43839829151552234,4.0
Frustrated Ising N=4,SPSA,3,-0.09775674047522162,0.37426501508881366,6.0
Frustrated Ising N=4,SPSA,4,-0.12743955601527304,0.3745847197804165,8.0
Frustrated Ising N=4,SPSA,5,-0.1439564930840675,0.3813732038589821,10.0
Frustrated Ising N=4,SPSA,6,-0.15117794344662358,0.3808339907577843,12.0
Frustrated Ising N=4,SPSA,7,-0.1650606848531157,0.37782485153327783,14.0
Frustrated Ising N=4,SPSA,8,-0.20519744189256692,0.3341125959815132,16.0
Frustrated Ising N=4,SPSA,9,-0.2304937775908674,0.3233197203065466,18.0
Frustrated Ising N=4,SPSA,10,-0.23972005914587355,0.3178394275793072,20.0
Frustrated Ising N=4,SPSA,11,-0.24715154817211019,0.3178316496097725,22.0
Frustrated Ising N=4,SPSA,12,-0.2708558206025637,0.3032961016841644,24.0
Frustrated Ising N=4,SPSA,13,-0.2909614136762011,0.29923537394368277,26.0
Frustrated Ising N=4,SPSA,14,-0.3109247318993247,0.27217989617582133,28.0
Frustrated Ising N=4,SPSA,15,-0.32782119859370995,0.2680695603260735,30.0
Frustrated Ising N=4,SPSA,16,-0.3329882391422144,0.26533299105762237,32.0
Frustrated Ising N=4,SPSA,17,-0.3509743736616985,0.2645896193551127,34.0
Frustrated Ising N=4,SPSA,18,-0.3703254340917564,0.2677098138270131,36.0
Frustrated Ising N=4,SPSA,19,-0.3809580365651108,0.2698719314716239,38.0
Frustrated Ising N=4,SPSA,20,-0.3894917137331969,0.2755521707230319,40.0
Frustrated Ising N=4,SPSA,21,-0.393993016661267,0.2755359234717991,42.0
Frustrated Ising N=4,SPSA,22,-0.39569385689292175,0.2754873018996618,44.0
Frustrated Ising N=4,SPSA,23,-0.40508416607077613,0.280247947864433,46.0
Frustrated Ising N=4,SPSA,24,-0.4338619463966527,0.2863138343155402,48.0
Frustrated Ising N=4,SPSA,25,-0.44477867372470553,0.2836944362228727,50.0
Frustrated Ising N=4,SPSA,26,-0.4496393330138046,0.278010306087039,52.0
Frustrated Ising N=4,SPSA,27,-0.45688733226868167,0.27141594355813986,54.0
Frustrated Ising N=4,SPSA,28,-0.45994013735276357,0.2723231343424324,56.0
Frustrated Ising N=4,SPSA,29,-0.46162465079937237,0.2724394303370423,58.0
Frustrated Ising N=4,SPSA,30,-0.4633155542581912,0.2716471404627871,60.0
Frustrated Ising N=4,SPSA,31,-0.4737139025531477,0.26812865582524953,62.0
Frustrated Ising N=4,SPSA,32,-0.47611494941671645,0.26741538317435404,64.0
Frustrated Ising N=4,SPSA,33,-0.47831367456064433,0.2677325734220175,66.0
Frustrated Ising N=4,SPSA,34,-0.4814171660348083,0.2647492853286242,68.0
Frustrated Ising N=4,SPSA,35,-0.48696273370356485,0.26875337631985524,70.0
Frustrated Ising N=4,SPSA,36,-0.4883485455858251,0.2682815755787921,72.0
Frustrated Ising N=4,SPSA,37,-0.491299043789508,0.26457809552923905,74.0
Frustrated Ising N=4,SPSA,38,-0.49219259756944495,0.2651822248013303,76.0
Frustrated Ising N=4,SPSA,39,-0.49581574936583317,0.26697224443213974,78.0
Frustrated Ising N=4,SPSA,40,-0.5067605507489359,0.2683841686413821,80.0
Frustrated Ising N=4,SPSA,41,-0.5128078213439596,0.2712132616005324,82.0
Frustrated Ising N=4,SPSA,42,-0.521560866159774,0.25999571985487335,84.0
Frustrated Ising N=4,SPSA,43,-0.5266746475834532,0.2543230719768878,86.0
Frustrated Ising N=4,SPSA,44,-0.5304068938105291,0.25201191551063595,88.0
Frustrated Ising N=4,SPSA,45,-0.5339819960519104,0.2520305822450439,90.0
Frustrated Ising N=4,SPSA,46,-0.5385664517492078,0.25186861436233227,92.0
Frustrated Ising N=4,SPSA,47,-0.5431857712812632,0.25150165356097076,94.0
Frustrated Ising N=4,SPSA,48,-0.5472812562816256,0.24821132159742465,96.0
Frustrated Ising N=4,SPSA,49,-0.5504092257716218,0.2446314006983087,98.0
Frustrated Ising N=4,SPSA,50,-0.5550236024961617,0.24355546595413916,100.0
Frustrated Ising N=4,SPSA,51,-0.5574393037808371,0.24254026091362638,102.0
Frustrated Ising N=4,SPSA,52,-0.5617461051136143,0.2419284015841523,104.0
Frustrated Ising N=4,SPSA,53,-0.5663916430319158,0.24381664192641417,106.0
Frustrated Ising N=4,SPSA,54,-0.5707695820530522,0.2427036407448825,108.0
Frustrated Ising N=4,SPSA,55,-0.5786018809919832,0.2475827769154365,110.0
Frustrated Ising N=4,SPSA,56,-0.5814274047980784,0.24964223810412062,112.0
Frustrated Ising N=4,SPSA,57,-0.5867096841017566,0.252875240281417,114.0
Frustrated Ising N=4,SPSA,58,-0.5916186351784586,0.24863899670943682,116.0
Frustrated Ising N=4,SPSA,59,-0.5936407953454751,0.2479662151312868,118.0
Frustrated Ising N=4,SPSA,60,-0.5973314969447945,0.2485705241891641,120.0
Frustrated Ising N=4,SPSA,61,-0.5987444492856421,0.2473226702486336,122.0
Frustrated Ising N=4,SPSA,62,-0.5996224847788865,0.2460423438865771,124.0
Frustrated Ising N=4,SPSA,63,-0.6015331920010437,0.24619665577693903,126.0
Frustrated Ising N=4,SPSA,64,-0.6066172728121864,0.24516024025709182,128.0
Frustrated Ising N=4,SPSA,65,-0.6099711062153429,0.24357286912711482,130.0
Frustrated Ising N=4,SPSA,66,-0.6155087549333513,0.24563254401072823,132.0
Frustrated Ising N=4,SPSA,67,-0.6170641031524176,0.24489130614788834,134.0
Frustrated Ising N=4,SPSA,68,-0.6191650073016527,0.24675672836158732,136.0
Frustrated Ising N=4,SPSA,69,-0.6227049389036271,0.2486737178400084,138.0
Frustrated Ising N=4,SPSA,70,-0.6237115431433272,0.248313868310046,140.0
Frustrated Ising N=4,SPSA,71,-0.6251572169981175,0.24720492392811966,142.0
Frustrated Ising N=4,SPSA,72,-0.6283281171125277,0.24916021259491072,144.0
Frustrated Ising N=4,SPSA,73,-0.6315735731683938,0.25105586349318754,146.0
Frustrated Ising N=4,SPSA,74,-0.6332064707835201,0.2504889456947179,148.0
Frustrated Ising N=4,SPSA,75,-0.6364051530101664,0.24899000518084619,150.0
Frustrated Ising N=4,SPSA,76,-0.6402257680970613,0.24589218361719606,152.0
Frustrated Ising N=4,SPSA,77,-0.6429125497447636,0.24641358618155831,154.0
Frustrated Ising N=4,SPSA,78,-0.6454185781765751,0.2470524943285897,156.0
Frustrated Ising N=4,SPSA,79,-0.6471753041054649,0.24723833587610394,158.0
Frustrated Ising N=4,SPSA,80,-0.6531731475285453,0.24831202994428342,160.0
Frustrated Ising N=4,SPSA,81,-0.6540628704347309,0.24884717021599223,162.0
Frustrated Ising N=4,SPSA,82,-0.6550042240525714,0.2480174176020998,164.0
Frustrated Ising N=4,SPSA,83,-0.6561708937974893,0.24610641371050712,166.0
Frustrated Ising N=4,SPSA,84,-0.6570577449835463,0.24537657430956417,168.0
Frustrated Ising N=4,SPSA,85,-0.6590522060513653,0.24522014230356298,170.0
Frustrated Ising N=4,SPSA,86,-0.6622995252845791,0.24343488363820825,172.0
Frustrated Ising N=4,SPSA,87,-0.6646303868931762,0.2433106352470429,174.0
Frustrated Ising N=4,SPSA,88,-0.6670010654356756,0.24331456814615024,176.0
Frustrated Ising N=4,SPSA,89,-0.6693870774980211,0.24228182664005843,178.0
Frustrated Ising N=4,SPSA,90,-0.6713524739420917,0.24253463214521592,180.0
Frustrated Ising N=4,SPSA,91,-0.6740448526580235,0.24312939529491412,182.0
Frustrated Ising N=4,SPSA,92,-0.6762375815015119,0.2435819115685196,184.0
Frustrated Ising N=4,SPSA,93,-0.6786133219919028,0.24390236704465865,186.0
Frustrated Ising N=4,SPSA,94,-0.6794123641981743,0.2441933284296898,188.0
Frustrated Ising N=4,SPSA,95,-0.6806076281666941,0.2438235856752428,190.0
Frustrated Ising N=4,SPSA,96,-0.6820828007198207,0.24318531714725997,192.0
Frustrated Ising N=4,SPSA,97,-0.6847314181056683,0.24090837416446842,194.0
Frustrated Ising N=4,SPSA,98,-0.6881345477347718,0.2431290583716582,196.0
Frustrated Ising N=4,SPSA,99,-0.6896180278841249,0.24400313244911387,198.0
Frustrated Ising N=4,SPSA,100,-0.6907613959861104,0.2434269847606461,200.0
Frustrated Ising N=4,QLTO (Layer Riemannian),-1.3386622099124266,200,24.705562591552734
Frustrated Ising N=4,"QLTO (Layer Riemannian, Coherence)",-1.4368581005730545,200,126.3632504940033
Frustrated Ising N=4,Correct QNG (Eff),-0.9604439220394297,120,15.323350191116333
Frustrated Ising N=4,AdamW,-1.3716200350922267,640,4.022900104522705
Frustrated Ising N=4,SPSA,-0.9334891199454572,400,3.229314088821411
H2 Molecule,QLTO (Layer Riemannian),-1.834803369834192,200,9.89877724647522
H2 Molecule,"QLTO (Layer Riemannian, Coherence)",-1.8494239049008485,200,44.105141162872314
H2 Molecule,Correct QNG (Eff),-1.7793182921877746,120,5.513500690460205
H2 Molecule,AdamW,-1.839427796100734,320,2.7091641426086426
H2 Molecule,SPSA,-1.7888442952080832,400,7.18781852722168
LiH Molecule,QLTO (Layer Riemannian),-8.944423704211454,200,74.95683407783508
LiH Molecule,"QLTO (Layer Riemannian, Coherence)",-8.944282128243087,200,191.4502944946289
LiH Molecule,Correct QNG (Eff),-8.215678426380872,120,21.83622932434082
LiH Molecule,AdamW,-8.637212805468693,640,7.329118013381958
LiH Molecule,SPSA,-8.22350317582971,400,11.041160106658936
Heisenberg N=4,QLTO (Layer Riemannian),-5.987058722438785,200,42.965972900390625
Heisenberg N=4,"QLTO (Layer Riemannian, Coherence)",-6.064339178296502,200,114.97441673278809
Heisenberg N=4,Correct QNG (Eff),-5.981748467552139,120,5.212819814682007
Heisenberg N=4,AdamW,-5.772972330192,640,2.436976671218872
Heisenberg N=4,SPSA,-5.959864465728373,400,15.49200987815857
Heisenberg N=6,QLTO (Layer Riemannian),-8.947861769990181,200,86.23467254638672
Heisenberg N=6,"QLTO (Layer Riemannian, Coherence)",-9.038015085497964,200,215.80145931243896
Heisenberg N=6,Correct QNG (Eff),-8.959101603773327,120,10.823787927627563
Heisenberg N=6,AdamW,-8.597407232123176,960,4.036963939666748
Heisenberg N=6,SPSA,-8.974547964816278,400,4.255221128463745
Heisenberg N=8,QLTO (Layer Riemannian),-12.118245887010206,200,34.80047535896301
Heisenberg N=8,"QLTO (Layer Riemannian, Coherence)",-12.188416297514092,200,337.23281478881836
Heisenberg N=8,Correct QNG (Eff),-11.948652589108914,120,18.683626174926758
Heisenberg N=8,AdamW,-11.745088329542996,1280,6.988671779632568
Heisenberg N=8,SPSA,-11.48998268303151,400,5.185788154602051
Heisenberg N=12,QLTO (Layer Riemannian),-16.67324691612881,200,63.42227339744568
Heisenberg N=12,"QLTO (Layer Riemannian, Coherence)",-18.375999125836692,200,625.324497461319
Heisenberg N=12,Correct QNG (Eff),-17.10211173659421,120,68.43413591384888
Heisenberg N=12,AdamW,-16.90017075752115,1920,15.876873254776001
Heisenberg N=12,SPSA,-16.22238134806187,400,6.455938816070557
Frustrated Ising N=4,QLTO (Layer),-1.3491844127130517,200,23.323688745498657
Frustrated Ising N=4,QLTO (Coherent),-1.4315498017956216,200,87.84295892715454
Frustrated Ising N=4,Correct QNG,-0.9604439220394297,120,4.901297330856323
Frustrated Ising N=4,AdamW,-1.3716200350922267,640,2.4556708335876465
Frustrated Ising N=4,SPSA,-0.9334891199454572,400,3.7930026054382324
MaxCut N=4 (Opt=4.0),QLTO (Layer),0.01148071000676354,200,12.054040908813477
MaxCut N=4 (Opt=4.0),QLTO (Coherent),0.007101357285321908,200,57.497482776641846
MaxCut N=4 (Opt=4.0),Correct QNG,0.6355124632790553,120,4.5758957862854
MaxCut N=4 (Opt=4.0),AdamW,0.11641471170967588,640,2.563588857650757
MaxCut N=4 (Opt=4.0),SPSA,0.6646251993476419,400,3.3182168006896973
MaxCut N=6 (Opt=12.0),QLTO (Layer),0.025450763301560708,200,21.445103645324707
MaxCut N=6 (Opt=12.0),QLTO (Coherent),0.01743712874763914,200,118.93051552772522
MaxCut N=6 (Opt=12.0),Correct QNG,0.053189757696629814,120,14.343556880950928
MaxCut N=6 (Opt=12.0),AdamW,1.5378056657337795,960,6.978132009506226
MaxCut N=6 (Opt=12.0),SPSA,0.7980394770720546,400,5.105704069137573
H2 Molecule,QLTO (Layer),-1.8304399274178662,200,17.75531578063965
H2 Molecule,QLTO (Coherent),-1.849581147294431,200,19.72059154510498
H2 Molecule,Correct QNG,-1.7793182921877746,120,1.4688982963562012
H2 Molecule,AdamW,-1.839427796100734,320,0.928490400314331
H2 Molecule,SPSA,-1.7888442952080832,400,2.6406092643737793
LiH Molecule,QLTO (Layer),-8.944470164195357,200,23.899879455566406
LiH Molecule,QLTO (Coherent),-8.944753623016904,200,89.25652956962585
LiH Molecule,Correct QNG,-8.215678426380872,120,7.793052673339844
LiH Molecule,AdamW,-8.637212805468693,640,4.01936936378479
LiH Molecule,SPSA,-8.22350317582971,400,7.258260011672974
Heisenberg N=4,QLTO (Layer),-6.06240080076938,200,21.484275579452515
Heisenberg N=4,QLTO (Coherent),-6.056158138980658,200,76.4653902053833
Heisenberg N=4,Correct QNG,-5.981748467552139,120,5.824036121368408
Heisenberg N=4,AdamW,-5.772972330192,640,2.7079389095306396
Heisenberg N=4,SPSA,-5.959864465728373,400,5.911139965057373
Heisenberg N=6,QLTO (Layer),-8.894770917889165,200,33.024717569351196
Heisenberg N=6,QLTO (Coherent),-9.015175925924705,200,152.79616379737854
Heisenberg N=6,Correct QNG,-8.959101603773327,120,12.50959587097168
Heisenberg N=6,AdamW,-8.597407232123176,960,5.754716634750366
Heisenberg N=6,SPSA,-8.974547964816278,400,4.999250173568726
Heisenberg N=8,QLTO (Layer),-12.083070746595062,200,34.92216968536377
Heisenberg N=8,QLTO (Coherent),-12.185204836561825,200,278.0830354690552
Heisenberg N=8,Correct QNG,-11.948652589108914,120,44.55062508583069
Heisenberg N=8,AdamW,-11.745088329542996,1280,20.23759365081787
Heisenberg N=8,SPSA,-11.48998268303151,400,8.96222710609436
Frustrated Ising N=4,QLTO (Layer),-0.7448313757578398,200,26.41928219795227
Frustrated Ising N=4,QLTO (Coherent),-1.2107424224042684,200,74.852778673172
Frustrated Ising N=4,QAOA (p=2),-0.719775538342218,300,3.9908454418182373
Frustrated Ising N=4,Correct QNG,-0.9604439220394297,120,5.183218240737915
Frustrated Ising N=4,AdamW,-1.3716200350922267,640,4.2251691818237305
Frustrated Ising N=4,SPSA,-0.9334891199454572,400,5.092104196548462
MaxCut N=4 (Opt=4.0),QLTO (Layer),1.8282493449260486,200,20.58114457130432
MaxCut N=4 (Opt=4.0),QLTO (Coherent),0.014872931841432568,200,53.185213565826416
MaxCut N=4 (Opt=4.0),QAOA (p=2),0.609002029306024,300,2.630356788635254
MaxCut N=4 (Opt=4.0),Correct QNG,0.6355124632790553,120,6.591296195983887
MaxCut N=4 (Opt=4.0),AdamW,0.11641471170967588,640,4.448330402374268
MaxCut N=4 (Opt=4.0),SPSA,0.6646251993476419,400,5.092755556106567
MaxCut N=6 (Opt=12.0),QLTO (Layer),7.637432647167551,200,38.332594871520996
MaxCut N=6 (Opt=12.0),QLTO (Coherent),0.0010195957799113975,200,63.08161115646362
MaxCut N=6 (Opt=12.0),QAOA (p=2),7.394697709051359,300,7.8699259757995605
MaxCut N=6 (Opt=12.0),Correct QNG,0.053189757696629814,120,16.176515102386475
MaxCut N=6 (Opt=12.0),AdamW,1.5378056657337795,960,5.408517837524414
MaxCut N=6 (Opt=12.0),SPSA,0.7980394770720546,400,5.759792804718018
H2 Molecule,QLTO (Layer),-1.7072159799762048,200,23.3812735080719
H2 Molecule,QLTO (Coherent),-1.8513786310816434,200,35.672192335128784
H2 Molecule,QAOA (p=2),-1.8283885645274034,300,2.203291177749634
H2 Molecule,Correct QNG,-1.7793182921877746,120,2.784564256668091
H2 Molecule,AdamW,-1.839427796100734,320,3.288841724395752
H2 Molecule,SPSA,-1.7888442952080832,400,8.41735029220581
Frustrated Ising N=4,QLTO (Layer),-0.7442330435194449,200,39.18927049636841,32
Frustrated Ising N=4,QLTO (Coherent),-1.2988855829246229,200,102.34424567222595,1019
Frustrated Ising N=4,QAOA (p=3),-0.6555756932763814,400,5.786568641662598,43
Frustrated Ising N=4,Correct QNG,-0.9604439220394297,120,6.338030099868774,0
Frustrated Ising N=4,AdamW,-1.3716200350922267,640,3.2425296306610107,0
Frustrated Ising N=4,SPSA,-0.9334891199454572,400,4.103835344314575,0
MaxCut N=4 (Opt=4.0),QLTO (Layer),1.8216991025385274,200,12.61453366279602,22
MaxCut N=4 (Opt=4.0),QLTO (Coherent),0.09035727665637971,200,60.90072250366211,987
MaxCut N=4 (Opt=4.0),QAOA (p=3),0.09796719229057305,400,4.055735349655151,22
MaxCut N=4 (Opt=4.0),Correct QNG,0.6355124632790553,120,5.578275442123413,0
MaxCut N=4 (Opt=4.0),AdamW,0.11641471170967588,640,1.854443073272705,0
MaxCut N=4 (Opt=4.0),SPSA,0.6646251993476419,400,3.16766095161438,0
MaxCut N=6 (Opt=12.0),QLTO (Layer),7.687258240308404,200,23.291229248046875,45
MaxCut N=6 (Opt=12.0),QLTO (Coherent),0.012586260359360502,200,61.37669897079468,1524
MaxCut N=6 (Opt=12.0),QAOA (p=3),3.102972056247366,400,7.320160627365112,67
MaxCut N=6 (Opt=12.0),Correct QNG,0.053189757696629814,120,11.009884357452393,0
MaxCut N=6 (Opt=12.0),AdamW,1.5378056657337795,960,4.6859450340271,0
MaxCut N=6 (Opt=12.0),SPSA,0.7980394770720546,400,4.853158950805664,0
H2 Molecule,QLTO (Layer),-1.7047220366853866,200,11.96783971786499,14
H2 Molecule,QLTO (Coherent),-1.852914747236143,200,23.372562408447266,512
H2 Molecule,QAOA (p=3),-1.828975427750953,400,2.40433669090271,16
H2 Molecule,Correct QNG,-1.7793182921877746,120,1.4892547130584717,0
H2 Molecule,AdamW,-1.839427796100734,320,0.9085407257080078,0
H2 Molecule,SPSA,-1.7888442952080832,400,2.7078335285186768,0
LiH Molecule,QLTO (Layer),-7.954396240956965,200,33.97992658615112,49
LiH Molecule,QLTO (Coherent),-8.599561050111191,200,74.61655712127686,1051
LiH Molecule,QAOA (p=3),-8.857107943140917,400,6.945525169372559,46
LiH Molecule,Correct QNG,-8.215678426380872,120,4.948788166046143,0
LiH Molecule,AdamW,-8.637212805468693,640,2.450937032699585,0
LiH Molecule,SPSA,-8.22350317582971,400,4.056748390197754,0
Heisenberg N=4,QLTO (Layer),-5.303505618590877,200,17.34581184387207,19
Heisenberg N=4,QLTO (Coherent),-6.005692924386114,200,46.50749969482422,1027
Heisenberg N=4,QAOA (p=3),-5.707041726520247,400,4.109373331069946,25
Heisenberg N=4,Correct QNG,-5.981748467552139,120,5.234838962554932,0
Heisenberg N=4,AdamW,-5.772972330192,640,2.2219882011413574,0
Heisenberg N=4,SPSA,-5.959864465728373,400,3.654439687728882,0
Heisenberg N=6,QLTO (Layer),-5.101710532260273,200,22.925164937973022,23
Heisenberg N=6,QLTO (Coherent),-9.073683387693395,200,69.71316742897034,1543
Heisenberg N=6,QAOA (p=3),-5.174340548850006,400,5.5246922969818115,31
Heisenberg N=6,Correct QNG,-8.959101603773327,120,14.78601360321045,0
Heisenberg N=6,AdamW,-8.597407232123176,960,5.576165199279785,0
Heisenberg N=6,SPSA,-8.974547964816278,400,5.772642374038696,0
Frustrated Ising N=4,QLTO (Layer),-0.6885839764251636,1760,44.23053693771362,17
Frustrated Ising N=4,QLTO (Coherent),-0.8084083514897262,1760,76.92851972579956,50
Frustrated Ising N=4,QAOA (p=3),-0.6555756932763814,400,6.059577941894531,43
Frustrated Ising N=4,Correct QNG,-0.9604439220394301,480,4.768391132354736,0
Frustrated Ising N=4,AdamW,-1.371620035092227,640,3.162898302078247,0
Frustrated Ising N=4,SPSA,-0.9334891199454571,400,4.627856254577637,0
MaxCut N=4 (Opt=4.0),QLTO (Layer),1.849327668481234,1760,45.281166553497314,11
MaxCut N=4 (Opt=4.0),QLTO (Coherent),0.7614560815138331,1760,67.0829427242279,20
MaxCut N=4 (Opt=4.0),QAOA (p=3),0.09796719229057305,400,3.884605884552002,22
MaxCut N=4 (Opt=4.0),Correct QNG,0.6355124632790551,480,3.1044650077819824,0
MaxCut N=4 (Opt=4.0),AdamW,0.1164147117096761,640,2.3591489791870117,0
MaxCut N=4 (Opt=4.0),SPSA,0.664625199347641,400,3.4441235065460205,0
Frustrated Ising N=4,QLTO (Layer),-0.7470654445342123,160,23.763819456100464,32
Frustrated Ising N=4,QLTO (Coherent),-1.3041842476251604,160,67.36276507377625,1019
Frustrated Ising N=4,QAOA (p=3),-0.6555756932763814,400,4.962811470031738,43
Frustrated Ising N=4,Correct QNG,-0.9604439220394302,120,6.308866739273071,0
Frustrated Ising N=4,AdamW,-1.3716200350922272,640,2.52420973777771,0
Frustrated Ising N=4,SPSA,-0.9334891199454572,400,3.65643310546875,0
MaxCut N=4 (Opt=4.0),QLTO (Layer),1.8116010361153168,160,13.488091707229614,22
MaxCut N=4 (Opt=4.0),QLTO (Coherent),0.04320930988738292,160,45.52868461608887,987
MaxCut N=4 (Opt=4.0),QAOA (p=3),0.09796719229057305,400,5.202594518661499,22
MaxCut N=4 (Opt=4.0),Correct QNG,0.6355124632790546,120,5.246691465377808,0
MaxCut N=4 (Opt=4.0),AdamW,0.11641471170967632,640,2.6718995571136475,0
MaxCut N=4 (Opt=4.0),SPSA,0.6646251993476401,400,3.3100619316101074,0
MaxCut N=6 (Opt=12.0),QLTO (Layer),7.65795689898932,160,23.7927885055542,45
MaxCut N=6 (Opt=12.0),QLTO (Coherent),0.0064140391381526385,160,57.700989961624146,1524
MaxCut N=6 (Opt=12.0),QAOA (p=3),3.102972056247366,400,8.036378622055054,67
MaxCut N=6 (Opt=12.0),Correct QNG,0.05318975769663159,120,17.5074679851532,0
MaxCut N=6 (Opt=12.0),AdamW,1.5378056657337824,960,7.014464616775513,0
MaxCut N=6 (Opt=12.0),SPSA,0.798039477072028,400,4.757033109664917,0
H2 Molecule,QLTO (Layer),-1.707693051710672,160,11.771716356277466,14
H2 Molecule,QLTO (Coherent),-1.8542256164230522,160,20.19347834587097,512
H2 Molecule,QAOA (p=3),-1.828975427750953,400,2.84623122215271,16
H2 Molecule,Correct QNG,-1.7793182921877748,120,1.6539077758789062,0
H2 Molecule,AdamW,-1.8394277961007348,320,0.7750835418701172,0
H2 Molecule,SPSA,-1.7888442952080843,400,2.2848293781280518,0
LiH Molecule,QLTO (Layer),-7.955892807810377,160,21.885820627212524,49
LiH Molecule,QLTO (Coherent),-8.446655832211288,160,63.96989607810974,1051
LiH Molecule,QAOA (p=3),-8.857107943140917,400,7.183321952819824,46
LiH Molecule,Correct QNG,-8.215678426380878,120,6.9015212059021,0
LiH Molecule,AdamW,-8.637212805468703,640,2.9661409854888916,0
LiH Molecule,SPSA,-8.22350317582971,400,4.5932841300964355,0
Frustrated Ising N=4,QLTO (Layer),-0.7431792558642367,160,130.2160255908966,32
Frustrated Ising N=4,QLTO (Coherent),-1.306923204866521,160,140.53852558135986,1019
Frustrated Ising N=4,QAOA (p=3),-0.6555756932763814,400,7.071080446243286,43
Frustrated Ising N=4,Correct QNG,-0.9604439220394302,120,6.3083178997039795,0
Frustrated Ising N=4,AdamW,-1.3716200350922272,640,2.6632626056671143,0
Frustrated Ising N=4,SPSA,-0.9334891199454572,400,4.4516870975494385,0
MaxCut N=4 (Opt=4.0),QLTO (Layer),1.817646359020567,160,15.385295629501343,22
MaxCut N=4 (Opt=4.0),QLTO (Coherent),0.01077795317308572,160,43.11358833312988,987
MaxCut N=4 (Opt=4.0),QAOA (p=3),0.09796719229057305,400,4.949042558670044,22
MaxCut N=4 (Opt=4.0),Correct QNG,0.6355124632790546,120,6.620337963104248,0
MaxCut N=4 (Opt=4.0),AdamW,0.11641471170967632,640,3.0234580039978027,0
MaxCut N=4 (Opt=4.0),SPSA,0.6646251993476401,400,3.8938639163970947,0
MaxCut N=6 (Opt=12.0),QLTO (Layer),7.6750906865207265,160,24.170968055725098,45
MaxCut N=6 (Opt=12.0),QLTO (Coherent),0.003936629874507158,160,59.49939703941345,1524
MaxCut N=6 (Opt=12.0),QAOA (p=3),3.102972056247366,400,8.199155807495117,67
MaxCut N=6 (Opt=12.0),Correct QNG,0.05318975769663159,120,11.927860021591187,0
MaxCut N=6 (Opt=12.0),AdamW,1.5378056657337824,960,5.7075722217559814,0
MaxCut N=6 (Opt=12.0),SPSA,0.798039477072028,400,4.82742977142334,0
H2 Molecule,QLTO (Layer),-1.7063700853962431,160,13.333125114440918,14
H2 Molecule,QLTO (Coherent),-1.85183996225204,160,21.838170528411865,512
H2 Molecule,QAOA (p=3),-1.828975427750953,400,2.592623710632324,16
H2 Molecule,Correct QNG,-1.7793182921877748,120,1.5698328018188477,0
H2 Molecule,AdamW,-1.8394277961007348,320,0.8304295539855957,0
H2 Molecule,SPSA,-1.7888442952080843,400,2.2837421894073486,0
LiH Molecule,QLTO (Layer),-7.958965526120616,160,22.753320455551147,49
LiH Molecule,QLTO (Coherent),-8.69515357131696,160,58.05648612976074,1051
LiH Molecule,QAOA (p=3),-8.857107943140917,400,7.2565319538116455,46
LiH Molecule,Correct QNG,-8.215678426380878,120,5.701699256896973,0
LiH Molecule,AdamW,-8.637212805468703,640,2.699759006500244,0
LiH Molecule,SPSA,-8.22350317582971,400,3.9919748306274414,0
Heisenberg N=4,QLTO (Layer),-5.328266071607671,160,15.091546773910522,19
Heisenberg N=4,QLTO (Coherent),-5.995354303436153,160,39.89139461517334,1027
Heisenberg N=4,QAOA (p=3),-5.707041726520247,400,4.29613471031189,25
Heisenberg N=4,Correct QNG,-5.981748467552141,120,5.145673990249634,0
Heisenberg N=4,AdamW,-5.772972330192001,640,2.485987424850464,0
Heisenberg N=4,SPSA,-5.959864465728377,400,3.6023731231689453,0
Heisenberg N=6,QLTO (Layer),-5.122409675245438,160,21.835472583770752,23
Heisenberg N=6,QLTO (Coherent),-9.063202620764178,160,66.78556990623474,1543
Heisenberg N=6,QAOA (p=3),-5.174340548850006,400,6.834786891937256,31
Heisenberg N=6,Correct QNG,-8.959101603773323,120,11.183793783187866,0
Heisenberg N=6,AdamW,-8.597407232123176,960,4.7531232833862305,0
Heisenberg N=6,SPSA,-8.97454796481628,400,4.934250116348267,0
Heisenberg N=8,QLTO (Layer),-9.176574694052459,160,32.50120425224304,27
Heisenberg N=8,QLTO (Coherent),-12.124825919412267,160,100.5285336971283,2059
Heisenberg N=8,QAOA (p=3),-6.081557808194295,400,6.699344158172607,37
Heisenberg N=8,Correct QNG,-11.948652589108912,120,25.94838047027588,0
Heisenberg N=8,AdamW,-11.745088329543009,1280,8.407128095626831,0
Heisenberg N=8,SPSA,-11.489982683031503,400,5.9029974937438965,0
Heisenberg N=12,QLTO (Layer),-12.462692620279809,160,60.09306049346924,35
Heisenberg N=12,QLTO (Coherent),-17.44891625762302,160,168.22985410690308,3091
Heisenberg N=12,QAOA (p=3),-7.0411500158827325,400,8.493999242782593,49
Heisenberg N=12,Correct QNG,-17.102111736594203,120,90.61917304992676,0
Heisenberg N=12,AdamW,-16.900170757521156,1920,22.939051628112793,0
Heisenberg N=12,SPSA,-16.222381348061873,400,7.248183012008667,0
Frustrated Ising N=4,QLTO (Layer),-0.7439458322763617,160,33.19628643989563,32
Frustrated Ising N=4,QLTO (Coherent),-1.3224027086252053,160,70.2849349975586,1019
Frustrated Ising N=4,QAOA (p=3),-0.6555756932763814,400,8.331730127334595,43
Frustrated Ising N=4,Correct QNG,-0.9604439220394302,120,5.391161203384399,0
Frustrated Ising N=4,AdamW,-1.3716200350922272,640,3.4934804439544678,0
Frustrated Ising N=4,SPSA,-0.9334891199454572,400,3.9775960445404053,0
MaxCut N=4 (Opt=4.0),QLTO (Layer),1.8272628523643362,160,11.471702337265015,22
MaxCut N=4 (Opt=4.0),QLTO (Coherent),0.030384283039753046,160,38.32470750808716,987
MaxCut N=4 (Opt=4.0),QAOA (p=3),0.09796719229057305,400,4.0225605964660645,22
MaxCut N=4 (Opt=4.0),Correct QNG,0.6355124632790546,120,6.56805682182312,0
MaxCut N=4 (Opt=4.0),AdamW,0.11641471170967632,640,2.409667491912842,0
MaxCut N=4 (Opt=4.0),SPSA,0.6646251993476401,400,3.2947609424591064,0
Frustrated Ising N=4,QLTO (Layer),-0.7449440492487188,160,24.71664071083069,32
Frustrated Ising N=4,QLTO (Coherent),-1.2976983772205435,160,73.8373532295227,1019
Frustrated Ising N=4,QAOA (p=3),-0.6555756932763814,400,5.316386461257935,43
Frustrated Ising N=4,Correct QNG,-0.9604439220394302,120,6.217181205749512,0
Frustrated Ising N=4,AdamW,-1.3716200350922272,640,3.835695266723633,0
Frustrated Ising N=4,SPSA,-0.9334891199454572,400,5.659101247787476,0
MaxCut N=4 (Opt=4.0),QLTO (Layer),1.8170279246868368,160,16.728682041168213,22
MaxCut N=4 (Opt=4.0),QLTO (Coherent),0.017631158971617822,160,49.572752952575684,987
MaxCut N=4 (Opt=4.0),QAOA (p=3),0.09796719229057305,400,3.9354097843170166,22
MaxCut N=4 (Opt=4.0),Correct QNG,0.6355124632790546,120,4.825494289398193,0
MaxCut N=4 (Opt=4.0),AdamW,0.11641471170967632,640,2.57989764213562,0
MaxCut N=4 (Opt=4.0),SPSA,0.6646251993476401,400,3.763085126876831,0
MaxCut N=6 (Opt=12.0),QLTO (Layer),7.668495339153841,160,25.082996129989624,45
MaxCut N=6 (Opt=12.0),QLTO (Coherent),0.0032630129436539423,160,67.82282829284668,1524
MaxCut N=6 (Opt=12.0),QAOA (p=3),3.102972056247366,400,11.426881313323975,67
MaxCut N=6 (Opt=12.0),Correct QNG,0.05318975769663159,120,17.529690504074097,0
MaxCut N=6 (Opt=12.0),AdamW,1.5378056657337824,960,6.842921257019043,0
MaxCut N=6 (Opt=12.0),SPSA,0.798039477072028,400,6.652668237686157,0
H2 Molecule,QLTO (Layer),-1.7088923013960733,160,17.904711961746216,14
H2 Molecule,QLTO (Coherent),-1.8501356810064384,160,24.7852840423584,512
H2 Molecule,QAOA (p=3),-1.828975427750953,400,3.0224251747131348,16
H2 Molecule,Correct QNG,-1.7793182921877748,120,1.6076462268829346,0
H2 Molecule,AdamW,-1.8394277961007348,320,0.8660309314727783,0
H2 Molecule,SPSA,-1.7888442952080843,400,2.582385540008545,0
LiH Molecule,QLTO (Layer),-7.957358965169747,160,28.532063007354736,49
LiH Molecule,QLTO (Coherent),-8.63878859837923,160,64.00966048240662,1051
LiH Molecule,QAOA (p=3),-8.857107943140917,400,5.799249649047852,46
LiH Molecule,Correct QNG,-8.215678426380878,120,4.846220254898071,0
LiH Molecule,AdamW,-8.637212805468703,640,2.5114667415618896,0
LiH Molecule,SPSA,-8.22350317582971,400,3.7736656665802,0
Heisenberg N=4,QLTO (Layer),-5.318145066837565,160,12.58146333694458,19
Heisenberg N=4,QLTO (Coherent),-5.997504937768306,160,38.04670023918152,1027
Heisenberg N=4,QAOA (p=3),-5.707041726520247,400,3.8750782012939453,25
Heisenberg N=4,Correct QNG,-5.981748467552141,120,4.490013837814331,0
Heisenberg N=4,AdamW,-5.772972330192001,640,2.1874217987060547,0
Heisenberg N=4,SPSA,-5.959864465728377,400,3.5592315196990967,0
Heisenberg N=6,QLTO (Layer),-5.041024044220601,160,23.287137746810913,23
Heisenberg N=6,QLTO (Coherent),-9.074698461062635,160,69.85391187667847,1543
Heisenberg N=6,QAOA (p=3),-5.174340548850006,400,6.5101478099823,31
Heisenberg N=6,Correct QNG,-8.959101603773323,120,13.944381952285767,0
Heisenberg N=6,AdamW,-8.597407232123176,960,6.898685932159424,0
Heisenberg N=6,SPSA,-8.97454796481628,400,6.003095626831055,0
Heisenberg N=8,QLTO (Layer),-9.163052887760374,160,41.05773878097534,27
Heisenberg N=8,QLTO (Coherent),-12.165327795943798,160,99.89821267127991,2059
Heisenberg N=8,QAOA (p=3),-6.081557808194295,400,8.632089376449585,37
Heisenberg N=8,Correct QNG,-11.948652589108912,120,24.558525800704956,0
Heisenberg N=8,AdamW,-11.745088329543009,1280,9.033565044403076,0
Heisenberg N=8,SPSA,-11.489982683031503,400,5.927656173706055,0
Heisenberg N=12,QLTO (Layer),-12.449520629435048,160,65.39786267280579,35
Heisenberg N=12,QLTO (Coherent),-17.465823151515526,160,227.69828534126282,3091
Heisenberg N=12,QAOA (p=3),-7.0411500158827325,400,11.541915893554688,49
Heisenberg N=12,Correct QNG,-17.102111736594203,120,104.45268225669861,0
Heisenberg N=12,AdamW,-16.900170757521156,1920,37.13570523262024,0
Heisenberg N=12,SPSA,-16.222381348061873,400,12.331522703170776,0
Frustrated Ising N=4,QLTO (Layer),-0.7438424580924601,160,11.860329389572144,32
Frustrated Ising N=4,QLTO (Coherent),-1.3022053112968017,160,33.476221799850464,1019
Frustrated Ising N=4,QLTO (Full Coherent),-0.9163977294736522,100,15.90742039680481,1176
Frustrated Ising N=4,QAOA (p=3),-1.0071380492210362,400,2.7644054889678955,43
Frustrated Ising N=4,Correct QNG,-0.9604439220394302,120,2.5272679328918457,0
Frustrated Ising N=4,AdamW,-1.3716200350922272,640,1.303410530090332,0
Frustrated Ising N=4,SPSA,-0.9334891199454572,400,2.3540964126586914,0
Frustrated Ising N=4,QLTO (Layer),-0.745787699785374,160,11.364264488220215,32
Frustrated Ising N=4,QLTO (Coherent),-1.3069722693771004,160,30.96215295791626,1019
Frustrated Ising N=4,QLTO (Full Coherent),-0.9429836176116374,100,17.145729780197144,1176
Frustrated Ising N=4,QLTO (Adaptive),-0.07685009248615543,20,24.6115505695343,295
Frustrated Ising N=4,QAOA (p=3),-1.0071380492210362,400,11.748570442199707,43
Frustrated Ising N=4,Correct QNG,-0.9604439220394302,120,6.968798637390137,0
Frustrated Ising N=4,AdamW,-1.3716200350922272,640,2.160590648651123,0
Frustrated Ising N=4,SPSA,-0.9334891199454572,400,3.4217000007629395,0
MaxCut N=4 (Opt=4.0),QLTO (Layer),1.822245330200524,160,7.6899659633636475,22
MaxCut N=4 (Opt=4.0),QLTO (Coherent),0.023590226387381952,160,20.830618858337402,987
MaxCut N=4 (Opt=4.0),QLTO (Full Coherent),1.1613168654036634,100,12.83928108215332,898
MaxCut N=4 (Opt=4.0),QAOA (p=3),0.09391213394538811,400,2.283205270767212,22
MaxCut N=4 (Opt=4.0),Correct QNG,0.6355124632790546,120,2.6641557216644287,0
MaxCut N=4 (Opt=4.0),AdamW,0.11641471170967632,640,0.4575674533843994,0
MaxCut N=4 (Opt=4.0),SPSA,0.6646251993476401,400,2.605644702911377,0
H2 Molecule,QLTO (Layer),-1.7053298931565934,160,9.155901670455933,14
H2 Molecule,QLTO (Coherent),-1.855015313794635,160,13.141222953796387,512
H2 Molecule,QLTO (Full Coherent),-1.7539621298874786,100,5.830368995666504,578
H2 Molecule,QLTO (O(1) Phase),-1.0776135525834918,20,3.7358038425445557,57
H2 Molecule,QAOA (p=3),-1.842486062967491,400,3.2248871326446533,16
H2 Molecule,Correct QNG,-1.7793182921877748,120,1.251767635345459,0
H2 Molecule,AdamW,-1.8394277961007348,320,0.7284409999847412,0
H2 Molecule,SPSA,-1.7888442952080843,400,2.1725072860717773,0
H2 Molecule,QLTO (O(1) Phase),-0.7172454523538625,20,3.718424081802368,84
H2 Molecule,QLTO (O(1) Phase),-0.719973173266232,20,4.696692943572998,84
H2 Molecule,QLTO (O(1) Phase),-0.5592893621472744,20,6.049594402313232,273
H2 Molecule,QLTO (Layer),-1.7092710602266106,160,7.653035402297974,14
H2 Molecule,QLTO (Coherent),-1.855091859324045,160,13.804330825805664,512
H2 Molecule,QAOA (p=3),-1.842486062967491,400,2.6165974140167236,16
H2 Molecule,Correct QNG,-1.7793182921877748,120,1.1774029731750488,0
H2 Molecule,DirectITE,-1.841702157416211,1,0.36891770362854004,5
H2 Molecule,AdamW,-1.8394277961007348,320,0.6842470169067383,0
H2 Molecule,SPSA,-1.7888442952080843,400,2.036740303039551,0
H2 Molecule,QLTO (Layer),-1.7054680596317773,160,7.968029975891113,14
H2 Molecule,QLTO (Coherent),-1.8442364047854072,160,13.536738157272339,512
H2 Molecule,QAOA (p=3),-1.842486062967491,400,2.920037031173706,16
H2 Molecule,Correct QNG,-1.7793182921877748,120,1.346653938293457,0
H2 Molecule,PennyLane QNG,-1.843714458391978,360,1.4608235359191895,5
H2 Molecule,DirectITE,-1.841702157416211,1,0.2699410915374756,5
H2 Molecule,AdamW,-1.8394277961007348,320,0.6937873363494873,0
H2 Molecule,SPSA,-1.7888442952080843,400,1.8517687320709229,0
Frustrated Ising N=4,QLTO (Layer),-0.7408326961612955,160,24.10808777809143,32
Frustrated Ising N=4,QLTO (Coherent),-1.3031101488175163,160,55.38180732727051,1019
Frustrated Ising N=4,QAOA (p=3),-1.0071380492210362,400,4.884707689285278,43
Frustrated Ising N=4,Correct QNG,-0.9604439220394302,120,4.28879451751709,0
Frustrated Ising N=4,PennyLane QNG,-0.8982260710125637,680,2.8755102157592773,7
Frustrated Ising N=4,DirectITE,-0.503589929712341,1,0.4335188865661621,7
Frustrated Ising N=4,AdamW,-1.3716200350922272,640,2.2200541496276855,0
Frustrated Ising N=4,SPSA,-0.9334891199454572,400,3.4193177223205566,0
Frustrated Ising N=4,QLTO (Layer),-0.745627552624414,160,13.434910297393799,32
Frustrated Ising N=4,QLTO (Coherent),-1.303757320857916,160,39.183356285095215,1019
Frustrated Ising N=4,QAOA (p=3),-1.0071380492210362,400,3.939220428466797,43
Frustrated Ising N=4,Correct QNG,-0.9604439220394302,120,3.97227144241333,0
Frustrated Ising N=4,PennyLane QNG,-0.8982260710125637,680,4.802638530731201,7
Frustrated Ising N=4,AdamW,-1.3716200350922272,640,1.9350693225860596,0
Frustrated Ising N=4,SPSA,-0.9334891199454572,400,4.0098841190338135,0
H2 Molecule,QLTO (Layer),-1.7078074586322747,160,16.08431100845337,14
H2 Molecule,QLTO (Coherent),-1.8546774067981942,160,18.524216175079346,512
H2 Molecule,QAOA (p=3),-1.842486062967491,400,3.4759178161621094,16
H2 Molecule,Correct QNG,-1.7793182921877748,120,2.644493341445923,0
H2 Molecule,PennyLane QNG,-1.843714458391978,360,2.048421859741211,5
H2 Molecule,AdamW,-1.8394277961007348,320,0.8796908855438232,0
H2 Molecule,SPSA,-1.7888442952080843,400,3.216815710067749,0
H2 Molecule,QLTO (Layer),-1.7063119804511078,160,10.609817266464233,14
H2 Molecule,QLTO (Coherent),-1.8536825336251175,160,20.06611943244934,512
H2 Molecule,QAOA (p=3),-1.842486062967491,400,2.370429515838623,16
H2 Molecule,Correct QNG,-1.7793182921877748,120,1.1742191314697266,0
H2 Molecule,PennyLane QNG,-1.843714458391978,360,1.8007266521453857,5
H2 Molecule,AdamW,-1.8394277961007348,320,0.6560022830963135,0
H2 Molecule,SPSA,-1.7888442952080843,400,1.9646451473236084,0
H2 Molecule,QLTO (Layer),-1.7063330315187808,160,9.366054773330688,14
H2 Molecule,QLTO (Coherent),-1.8529026647779654,160,19.28660535812378,512
H2 Molecule,QLTO (No FIM),-1.653172214245504,120,10.867121696472168,14
H2 Molecule,QAOA (p=3),-1.842486062967491,400,1.225261926651001,16
H2 Molecule,Correct QNG,-1.7793182921877748,120,1.5250678062438965,0
H2 Molecule,PennyLane QNG,-1.843714458391978,360,1.6451544761657715,5
H2 Molecule,AdamW,-1.8394277961007348,320,0.8686139583587646,0
H2 Molecule,SPSA,-1.7888442952080843,400,2.3716070652008057,0
H2 Molecule,QLTO (Layer),-1.7083463471971871,160,11.296540975570679,14
H2 Molecule,QLTO (Coherent),-1.853512343375558,160,15.608173847198486,512
H2 Molecule,QLTO (No FIM),-1.6359685946053093,120,9.39285922050476,56
H2 Molecule,QAOA (p=3),-1.842486062967491,400,3.9508168697357178,16
H2 Molecule,Correct QNG,-1.7793182921877748,120,2.0686850547790527,0
H2 Molecule,PennyLane QNG,-1.843714458391978,360,2.069406032562256,5
H2 Molecule,AdamW,-1.8394277961007348,320,1.1397676467895508,0
H2 Molecule,SPSA,-1.7888442952080843,400,2.6922719478607178,0
H2 Molecule,QLTO (Layer),-1.7109220912561216,160,10.93123984336853,14
H2 Molecule,QLTO (Coherent),-1.853587782305885,160,16.89987087249756,512
H2 Molecule,QLTO (No FIM),-1.8519531745087687,120,14.69312572479248,512
H2 Molecule,QAOA (p=3),-1.842486062967491,400,2.6008710861206055,16
H2 Molecule,Correct QNG,-1.7793182921877748,120,1.3421378135681152,0
H2 Molecule,PennyLane QNG,-1.843714458391978,360,1.5574264526367188,5
H2 Molecule,AdamW,-1.8394277961007348,320,0.7593696117401123,0
H2 Molecule,SPSA,-1.7888442952080843,400,3.826986074447632,0
Frustrated Ising N=4,QLTO (Layer),-0.7440312349727486,160,23.019219875335693,32
Frustrated Ising N=4,QLTO (Coherent),-1.2949090978810172,160,60.57042360305786,1019
Frustrated Ising N=4,QLTO (No FIM),-1.2973071586813183,120,50.677027463912964,1019
Frustrated Ising N=4,QAOA (p=3),-1.0071380492210362,400,3.664961338043213,43
Frustrated Ising N=4,Correct QNG,-0.9604439220394302,120,3.4785025119781494,0
Frustrated Ising N=4,PennyLane QNG,-0.8982260710125637,680,3.6344568729400635,7
Frustrated Ising N=4,AdamW,-1.3716200350922272,640,1.8149690628051758,0
Frustrated Ising N=4,SPSA,-0.9334891199454572,400,3.182965040206909,0
Frustrated Ising N=4,QLTO (Layer),-0.8685044631184822,160,23.7274272441864,32
Frustrated Ising N=4,QLTO (Coherent),-1.4120223168884793,160,75.20487785339355,1019
Frustrated Ising N=4,QLTO (No FIM),-1.3855450374788352,120,54.029242277145386,1019
Frustrated Ising N=4,QAOA (p=3),-1.0071380492210362,400,5.053534030914307,43
Frustrated Ising N=4,Correct QNG,-0.9604439220394302,120,3.4905192852020264,0
Frustrated Ising N=4,PennyLane QNG,-0.8982260710125637,680,3.7965939044952393,7
Frustrated Ising N=4,AdamW,-1.3716200350922272,640,1.9822874069213867,0
Frustrated Ising N=4,SPSA,-0.9334891199454572,400,3.53973126411438,0
Frustrated Ising N=4,QLTO (Layer),-0.8627628995207673,160,15.79982590675354,32
Frustrated Ising N=4,QLTO (Coherent),-1.4158909797875747,160,44.05131435394287,1019
Frustrated Ising N=4,QLTO (No FIM),-1.2943499728990833,120,101.33584356307983,1027
Frustrated Ising N=4,QAOA (p=3),-1.0071380492210362,400,3.838737726211548,43
Frustrated Ising N=4,Correct QNG,-0.9604439220394302,120,3.6919851303100586,0
Frustrated Ising N=4,PennyLane QNG,-0.8982260710125637,680,4.041960716247559,7
Frustrated Ising N=4,AdamW,-1.3716200350922272,640,2.02970814704895,0
Frustrated Ising N=4,SPSA,-0.9334891199454572,400,3.280071973800659,0
Frustrated Ising N=4,QLTO (Layer),-0.8644448723174168,160,14.813443183898926,32
Frustrated Ising N=4,QLTO (Coherent),-1.4084648198514942,160,52.22923469543457,1019
Frustrated Ising N=4,QLTO (No FIM),-1.364669975911029,120,140.46325159072876,1987
Frustrated Ising N=4,QAOA (p=3),-1.0071380492210362,400,4.8021461963653564,43
Frustrated Ising N=4,Correct QNG,-0.9604439220394302,120,4.177295684814453,0
Frustrated Ising N=4,PennyLane QNG,-0.8982260710125637,680,6.090456247329712,7
Frustrated Ising N=4,AdamW,-1.3716200350922272,640,3.1140332221984863,0
Frustrated Ising N=4,SPSA,-0.9334891199454572,400,4.3512187004089355,0
Frustrated Ising N=4,QLTO (Layer),-1.2223978051133244,160,22.78248906135559,32
Frustrated Ising N=4,QLTO (Coherent),-1.4356231940399906,160,60.94465374946594,1019
Frustrated Ising N=4,QLTO (No FIM),-1.4295325118127815,120,167.98342299461365,1987
Frustrated Ising N=4,QAOA (p=3),-1.0071380492210362,400,4.732060194015503,43
Frustrated Ising N=4,Correct QNG,-0.9604439220394302,120,3.7090556621551514,0
Frustrated Ising N=4,PennyLane QNG,-0.8982260710125637,680,3.858942985534668,7
Frustrated Ising N=4,AdamW,-1.3716200350922272,640,1.9684205055236816,0
Frustrated Ising N=4,SPSA,-0.9334891199454572,400,3.0752053260803223,0
Frustrated Ising N=4,QLTO (Layer),-1.22428972957825,160,14.82596731185913,32
Frustrated Ising N=4,QLTO (Coherent),-1.3960610456419449,160,46.159547090530396,1019
Frustrated Ising N=4,QLTO (No FIM),-1.4284513162095351,120,45.41559624671936,1019
Frustrated Ising N=4,QAOA (p=3),-1.0071380492210362,400,3.583366632461548,43
Frustrated Ising N=4,Correct QNG,-0.9604439220394302,120,3.126244306564331,0
Frustrated Ising N=4,PennyLane QNG,-0.8982260710125637,680,3.591346263885498,7
Frustrated Ising N=4,AdamW,-1.3716200350922272,640,1.5742137432098389,0
Frustrated Ising N=4,SPSA,-0.9334891199454572,400,2.6919472217559814,0
Frustrated Ising N=4,QLTO (No FIM),-1.43242761003202,120,202.58419132232666,2256
Frustrated Ising N=4,QAOA (p=3),-1.0071380492210362,400,3.7447423934936523,43
Frustrated Ising N=4,Correct QNG,-0.9604439220394302,120,3.5803322792053223,0
Frustrated Ising N=4,PennyLane QNG,-0.8982260710125637,680,3.8680293560028076,7
Frustrated Ising N=4,AdamW,-1.3716200350922272,640,2.331234931945801,0
Frustrated Ising N=4,SPSA,-0.9334891199454572,400,2.8645246028900146,0
